Rank,Feature,F_Score,P_Value
1,Bwd Packet Length Std,337990.4995908998,0.0
2,Bwd Packet Length Mean,314672.84736340283,0.0
3,Bwd Packet Length Max,308589.86180287565,0.0
4,Packet Length Std,281073.62009050575,0.0
5,Fwd IAT Std,271795.90200966725,0.0
6,Max Packet Length,248358.6782096715,0.0
7,Packet Length Variance,243347.69135071445,0.0
8,Idle Min,233451.6143034114,0.0
9,Idle Mean,231254.37715071777,0.0
10,Average Packet Size,223139.93364398024,0.0
11,Packet Length Mean,219123.4332553831,0.0
12,Idle Max,217611.30547190504,0.0
13,Flow IAT Max,209611.58517749223,0.0
14,Fwd IAT Max,208994.30513450562,0.0
15,Flow IAT Std,140047.44619151604,0.0
16,PSH Flag Count,77086.6999490057,0.0
17,Fwd IAT Total,68617.74461140305,0.0
18,Flow Duration,67697.3454334936,0.0
19,FIN Flag Count,55090.26572142953,0.0
20,min_seg_size_forward,40652.07128517052,0.0
21,Bwd IAT Std,38885.68977050091,0.0
22,Min Packet Length,38452.1918012134,0.0
23,Flow IAT Mean,37762.213898154485,0.0
24,ACK Flag Count,37701.295169244295,0.0
25,Bwd Packet Length Min,31772.972300156074,0.0
26,Fwd IAT Mean,28089.050764562977,0.0
27,Bwd IAT Max,25581.85597222962,0.0
28,Flow IAT Min,20767.018353503783,0.0
29,Idle Std,14812.189667858836,0.0
30,Init_Win_bytes_forward,13933.7589102055,0.0
31,Down/Up Ratio,12232.196354128744,0.0
32,Destination Port,11672.435761160084,0.0
33,URG Flag Count,10691.315305759195,0.0
34,Bwd Packets/s,10617.618400972457,0.0
35,Fwd Packets/s,9047.847347856967,0.0
36,Fwd PSH Flags,9024.749255895462,0.0
37,Fwd Packet Length Min,8589.205375071906,0.0
38,Flow Packets/s,7794.207427410485,0.0
39,Bwd IAT Total,7351.978357508868,0.0
40,Fwd IAT Min,4737.244265501904,0.0
41,Fwd Packet Length Mean,4196.984883741426,0.0
42,Init_Win_bytes_backward,4066.1684577949122,0.0
43,Fwd Packet Length Max,3508.0591607882334,0.0
44,Fwd Packet Length Std,2678.6653945225876,0.0
45,Bwd IAT Mean,2428.568206904124,0.0
46,Active Min,1933.0836516095017,0.0
47,Active Mean,1612.5360837019296,0.0
48,Active Max,1294.5932745106809,0.0
49,Bwd IAT Min,1050.1813119430603,0.0
50,Active Std,914.7450581502713,0.0
51,Flow Bytes/s,257.91438445718114,0.0
52,Total Length of Fwd Packets,153.78356811300992,5.100112476667279e-196
53,ECE Flag Count,21.499036471400018,2.0966757645999748e-25
54,RST Flag Count,21.380002803870365,2.9638904194928567e-25
55,Fwd URG Flags,9.63728054153285,1.2445958587117604e-10
56,Bwd Header Length,6.193256919962296,1.639374132537249e-06
57,Fwd Header Length,6.145095208639437,1.8664216538387576e-06
58,Total Fwd Packets,5.299739364960069,1.783677141360863e-05
59,Total Backward Packets,4.992142120675569,4.013108977000252e-05
60,act_data_pkt_fwd,3.793483410394713,0.0008806790568285789
61,Total Length of Bwd Packets,2.2011151058449685,0.03986901009394727
