hash,train_labels,test_labels
14212154446403338436,"0,3",3
7680222957491585355,"0,3",3
17441654115661383267,"0,3",3
13906822350023427877,"0,3",3
17636486157584044612,1,"0,1"
5553915275805594873,"0,3",3
9246882823181966705,"0,3",3
10447984587344060542,"0,2",0
1303370414058122769,"0,2",0
10827939702090516510,"0,3",3
16869196488777288370,"0,6",6
12587441269193853760,"0,3",3
13127118575302890526,0,"0,2"
1026511112391120919,"0,3",3
5538423586840271061,"0,3",3
11012967522125371908,3,"0,3"
7179668437776753585,"0,1",1
16183199554159408244,"0,3",3
13161454837737223402,"0,3",3
14509909332266743634,"0,3",3
12773566306472590188,1,0
2055260734513645886,"0,2",0
17423438393502370818,1,"0,1"
18200624811515874622,0,1
16598968441705762512,"0,3",3
1074016562382674005,"0,3",3
5519819523819084374,"0,3",3
10697377443731776237,"0,3",3
3679475520774906647,"0,3",3
10447755903497319596,0,"0,5"
11863028601088033802,"0,1",1
3765081985002947693,"0,6",6
601293644238604151,"0,3",3
666401132254386475,"0,3",3
2343327775101475884,"0,3",3
14122236784101745952,"0,2",0
14475431551105821868,"0,3",3
18011618102991056595,"0,3",3
667076291908006859,"0,5",0
9283206575191684805,"0,1",1
11218391242585866289,"0,2",0
7510318609766225813,"0,6",6
454154211566360489,4,0
6894990483227745566,"0,3",3
14563275797921998715,"0,6",6
10339010192061967019,"0,1",1
8146119526104379790,"0,3",3
4101311052126565475,3,"0,3"
9319381821490017816,3,"0,3"
7446661536822150358,0,2
4217803425576473875,"0,3",3
12780103931833047914,"0,6",6
9941125829447343164,3,"0,3"
4237940821158224320,"0,6",6
16210516907066352882,"0,6",6
17298617872383961014,"0,1",1
470185144585382101,"0,3",3
358089331902082666,"0,1",1
7372777076551678112,"0,3",3
3275048340257471096,"0,1",1
5214473325569737106,3,"0,3"
10829515812946151607,0,"0,5"
9054722792909671205,6,"0,6"
16807336547666202782,"0,3",3
15412542326576878695,"0,3",3
10073681202285876391,"0,3",3
1246769976179922746,3,"0,3"
11812794765468607251,"0,1",1
6302128837942161531,"0,1",1
5084305573217154767,"0,3",3
8608336839952546004,"0,2",0
10806158225312431834,1,"0,1"
16397883919427028110,"0,1",1
12871643893011695846,"0,2",0
6513462567974456519,0,"0,2"
1146743875556594074,"0,1",1
465861244403701441,"0,3",3
7122129677636982884,"0,3",3
1688273104330813913,"0,3",3
18413773919597097861,"0,6",6
17359289995661407291,"0,5",0
